-- =====================================================
-- Eli Ettinger - Complete Swimming Data
-- Source: Notion Swimming Performance Page (Jan 24, 2026)
-- =====================================================

-- Clear old placeholder swim data for Eli
DELETE FROM swim_results WHERE user_id = '33333333-3333-3333-3333-333333333333';
DELETE FROM swim_events WHERE user_id = '33333333-3333-3333-3333-333333333333';
DELETE FROM swim_meets WHERE user_id = '33333333-3333-3333-3333-333333333333';

-- =====================================================
-- Personal Bests (SCY) - vs 2026 TSC Sectional Standards
-- =====================================================
INSERT INTO swim_events (user_id, event_name, course, personal_best, goal_time) VALUES
  ('33333333-3333-3333-3333-333333333333', '50 Free',     'SCY', '23.20',   '21.99'),
  ('33333333-3333-3333-3333-333333333333', '100 Fly',     'SCY', '56.10',   '52.69'),
  ('33333333-3333-3333-3333-333333333333', '100 Free',    'SCY', '51.70',   '47.79'),
  ('33333333-3333-3333-3333-333333333333', '500 Free',    'SCY', '5:11.08', '4:42.99'),
  ('33333333-3333-3333-3333-333333333333', '100 Back',    'SCY', '58.87',   '53.39'),
  ('33333333-3333-3333-3333-333333333333', '200 Free',    'SCY', '1:55.55', '1:43.89'),
  ('33333333-3333-3333-3333-333333333333', '200 IM',      'SCY', '2:10.67', '1:57.29'),
  ('33333333-3333-3333-3333-333333333333', '400 IM',      'SCY', '4:39.46', '4:11.19'),
  ('33333333-3333-3333-3333-333333333333', '200 Back',    'SCY', '2:10.81', '1:54.89'),
  ('33333333-3333-3333-3333-333333333333', '200 Fly',     'SCY', '2:16.16', '1:56.99'),
  ('33333333-3333-3333-3333-333333333333', '100 Breast',  'SCY', '1:15.51', '1:00.89'),
  ('33333333-3333-3333-3333-333333333333', '50 Fly',      'SCY', '25.50',   NULL),
  ('33333333-3333-3333-3333-333333333333', '50 Back',     'SCY', '27.72',   NULL),
  ('33333333-3333-3333-3333-333333333333', '50 Breast',   'SCY', '31.88',   NULL);

-- =====================================================
-- Swim Meets
-- =====================================================
INSERT INTO swim_meets (id, user_id, date, meet_name, location, notes) VALUES
  ('aaaa0001-0001-0001-0001-000000000001', '33333333-3333-3333-3333-333333333333', '2026-01-22', 'District 4-6A Championship', 'Northwest ISD Aquatic Center', 'Team: Northwest Nelson (NONE) - 5th Place (106 pts). 2 silver relay medals.'),
  ('aaaa0002-0002-0002-0002-000000000002', '33333333-3333-3333-3333-333333333333', '2026-01-11', 'LAC Ice Breaker Meet', NULL, 'First meet after flu over Christmas. Performance impacted by illness recovery. 3 points.'),
  ('aaaa0003-0003-0003-0003-000000000003', '33333333-3333-3333-3333-333333333333', '2025-12-08', 'MAC Invitational', NULL, '2 Personal Bests! Broke 23.2 barrier in 50 Free.'),
  ('aaaa0004-0004-0004-0004-000000000004', '33333333-3333-3333-3333-333333333333', '2025-12-04', 'NISD 6A Invitational', NULL, 'Team: Byron Nelson 4th (280 pts). 31 individual points.'),
  ('aaaa0005-0005-0005-0005-000000000005', '33333333-3333-3333-3333-333333333333', '2025-12-01', 'Jingle Bell Championship', NULL, '1 WIN, 2 second places, 3 new events! 29 points.'),
  ('aaaa0006-0006-0006-0006-000000000006', '33333333-3333-3333-3333-333333333333', '2025-11-01', 'Historic Week (Nov 1-10)', NULL, '6 Personal Bests in 9 Days! Total drop: 15.22 seconds.'),
  ('aaaa0007-0007-0007-0007-000000000007', '33333333-3333-3333-3333-333333333333', '2025-10-05', 'Season Opener', NULL, 'Excellent opener with PBs in 400 IM (-12s) and 100 Back.'),
  ('aaaa0008-0008-0008-0008-000000000008', '33333333-3333-3333-3333-333333333333', '2025-05-01', 'Long Course Season', NULL, 'Long Course Meters format. 400m Free: 26-second drop!'),
  ('aaaa0009-0009-0009-0009-000000000009', '33333333-3333-3333-3333-333333333333', '2025-03-01', 'Spring Championships', NULL, 'First 100 Free victory! Multiple podiums.'),
  ('aaaa0010-0010-0010-0010-000000000010', '33333333-3333-3333-3333-333333333333', '2025-02-01', 'Mid-Season Peak', NULL, 'First sub-2:00 in 200 Free! First 200 Fly attempt.'),
  ('aaaa0011-0011-0011-0011-000000000011', '33333333-3333-3333-3333-333333333333', '2025-01-01', 'Historic Day', NULL, '84 points in single meet! First sub-52 in 100 Free.');

-- =====================================================
-- Swim Results - District 4-6A Championship (Jan 22-23, 2026)
-- =====================================================
INSERT INTO swim_results (meet_id, user_id, event_name, time, place, notes) VALUES
  ('aaaa0001-0001-0001-0001-000000000001', '33333333-3333-3333-3333-333333333333', '50 Free',        '23.32',   '10th', '+0.12 from PB - Near PB, excellent recovery!'),
  ('aaaa0001-0001-0001-0001-000000000001', '33333333-3333-3333-3333-333333333333', '100 Fly',        '57.51',   '11th', '+1.41 from PB - 2+ sec improvement from Ice Breaker'),
  ('aaaa0001-0001-0001-0001-000000000001', '33333333-3333-3333-3333-333333333333', '200 Free Relay', '1:33.08', '2nd',  'Team: Wells, Johnson, Ettinger, Tennison'),
  ('aaaa0001-0001-0001-0001-000000000001', '33333333-3333-3333-3333-333333333333', '400 Free Relay', '3:21.92', '2nd',  'Team: Ettinger, Johnson, Droege, Wells');

-- LAC Ice Breaker Meet (Jan 11, 2026)
INSERT INTO swim_results (meet_id, user_id, event_name, time, place, notes) VALUES
  ('aaaa0002-0002-0002-0002-000000000002', '33333333-3333-3333-3333-333333333333', '50 Free',   '24.52',   '18th', '+1.32 - Good recovery sign'),
  ('aaaa0002-0002-0002-0002-000000000002', '33333333-3333-3333-3333-333333333333', '100 Fly',   '59.69',   '18th', '+3.59 - Sub-60 while recovering'),
  ('aaaa0002-0002-0002-0002-000000000002', '33333333-3333-3333-3333-333333333333', '200 Free',  '2:01.51', '26th', '+5.96 - Endurance affected'),
  ('aaaa0002-0002-0002-0002-000000000002', '33333333-3333-3333-3333-333333333333', '500 Free',  '5:24.32', '6th',  '+13.24 - Points despite fatigue'),
  ('aaaa0002-0002-0002-0002-000000000002', '33333333-3333-3333-3333-333333333333', '100 Back',  '1:00.63', '17th', '+1.76 - Technique solid'),
  ('aaaa0002-0002-0002-0002-000000000002', '33333333-3333-3333-3333-333333333333', '200 IM',    '2:15.75', NULL,   '+5.08 - Aerobic rebuilding');

-- MAC Invitational (Dec 8, 2025)
INSERT INTO swim_results (meet_id, user_id, event_name, time, place, is_pb, notes) VALUES
  ('aaaa0003-0003-0003-0003-000000000003', '33333333-3333-3333-3333-333333333333', '50 Free',  '23.20', NULL, TRUE, 'NEW PB - Broke 23.2 barrier!'),
  ('aaaa0003-0003-0003-0003-000000000003', '33333333-3333-3333-3333-333333333333', '500 Free', '5:11.08', NULL, TRUE, 'NEW PB - 0.30 drop'),
  ('aaaa0003-0003-0003-0003-000000000003', '33333333-3333-3333-3333-333333333333', '50 Fly',  '25.50', NULL, FALSE, 'First time - Strong debut');

-- NISD 6A Invitational (Dec 4-5, 2025)
INSERT INTO swim_results (meet_id, user_id, event_name, time, place, notes) VALUES
  ('aaaa0004-0004-0004-0004-000000000004', '33333333-3333-3333-3333-333333333333', '200 Free',         '1:56.08', '3rd',  '16 points'),
  ('aaaa0004-0004-0004-0004-000000000004', '33333333-3333-3333-3333-333333333333', '100 Free',         '52.55',   '4th',  '15 points'),
  ('aaaa0004-0004-0004-0004-000000000004', '33333333-3333-3333-3333-333333333333', '200 Medley Relay', '1:43.44', '3rd',  '32 team points'),
  ('aaaa0004-0004-0004-0004-000000000004', '33333333-3333-3333-3333-333333333333', '200 Free Relay',   '1:33.72', '5th',  '28 team points');

-- Jingle Bell Championship (Dec 2025)
INSERT INTO swim_results (meet_id, user_id, event_name, time, place, notes) VALUES
  ('aaaa0005-0005-0005-0005-000000000005', '33333333-3333-3333-3333-333333333333', '50 Back',   '27.72',   '1st',  'First attempt - WIN!'),
  ('aaaa0005-0005-0005-0005-000000000005', '33333333-3333-3333-3333-333333333333', '200 Back',  '2:10.81', '2nd',  'First attempt - podium!'),
  ('aaaa0005-0005-0005-0005-000000000005', '33333333-3333-3333-3333-333333333333', '50 Breast', '31.88',   '2nd',  'First attempt - podium!'),
  ('aaaa0005-0005-0005-0005-000000000005', '33333333-3333-3333-3333-333333333333', '50 Free',   '23.40',   '3rd',  '0.20 off PB'),
  ('aaaa0005-0005-0005-0005-000000000005', '33333333-3333-3333-3333-333333333333', '100 Free',  '53.74',   '13th', 'Training tired'),
  ('aaaa0005-0005-0005-0005-000000000005', '33333333-3333-3333-3333-333333333333', '100 Fly',   '1:01.21', '15th', 'December fatigue');

-- Historic Week (Nov 1-10, 2025) - 6 PBs in 9 days
INSERT INTO swim_results (meet_id, user_id, event_name, time, place, is_pb, notes) VALUES
  ('aaaa0006-0006-0006-0006-000000000006', '33333333-3333-3333-3333-333333333333', '200 Free', '1:55.55', NULL, TRUE, 'PB - was 1:56.50 (-0.95)'),
  ('aaaa0006-0006-0006-0006-000000000006', '33333333-3333-3333-3333-333333333333', '500 Free', '5:11.38', NULL, TRUE, 'PB - was 5:18.87 (-7.49)'),
  ('aaaa0006-0006-0006-0006-000000000006', '33333333-3333-3333-3333-333333333333', '100 Fly',  '56.10',   NULL, TRUE, 'PB - was 58.57 (-2.47)'),
  ('aaaa0006-0006-0006-0006-000000000006', '33333333-3333-3333-3333-333333333333', '50 Free',  '23.21',   NULL, TRUE, 'PB - was 23.45 (-0.24)'),
  ('aaaa0006-0006-0006-0006-000000000006', '33333333-3333-3333-3333-333333333333', '200 IM',   '2:10.67', NULL, TRUE, 'PB - was 2:14.57 (-3.90)'),
  ('aaaa0006-0006-0006-0006-000000000006', '33333333-3333-3333-3333-333333333333', '100 Free', '51.70',   NULL, TRUE, 'PB - was 51.87 (-0.17)');

-- Season Opener (Oct 5, 2025)
INSERT INTO swim_results (meet_id, user_id, event_name, time, place, is_pb, notes) VALUES
  ('aaaa0007-0007-0007-0007-000000000007', '33333333-3333-3333-3333-333333333333', '50 Free',  '23.45',   '3rd',  FALSE, 'Strong start'),
  ('aaaa0007-0007-0007-0007-000000000007', '33333333-3333-3333-3333-333333333333', '100 Free', '52.49',   '9th',  FALSE, 'Solid'),
  ('aaaa0007-0007-0007-0007-000000000007', '33333333-3333-3333-3333-333333333333', '200 Free', '1:57.30', '9th',  FALSE, 'Sub-1:58'),
  ('aaaa0007-0007-0007-0007-000000000007', '33333333-3333-3333-3333-333333333333', '100 Fly',  '58.57',   '9th',  FALSE, 'Sub-59'),
  ('aaaa0007-0007-0007-0007-000000000007', '33333333-3333-3333-3333-333333333333', '100 Back', '58.87',   '6th',  TRUE,  'PB!'),
  ('aaaa0007-0007-0007-0007-000000000007', '33333333-3333-3333-3333-333333333333', '200 IM',   '2:14.57', '10th', FALSE, 'Strong'),
  ('aaaa0007-0007-0007-0007-000000000007', '33333333-3333-3333-3333-333333333333', '400 IM',   '4:39.46', '2nd',  TRUE,  '12-sec drop!');

-- Long Course Season (May 2025)
INSERT INTO swim_results (meet_id, user_id, event_name, time, place, notes) VALUES
  ('aaaa0008-0008-0008-0008-000000000008', '33333333-3333-3333-3333-333333333333', '50m Free',  '27.78',   '14th', 'LCM - Solid'),
  ('aaaa0008-0008-0008-0008-000000000008', '33333333-3333-3333-3333-333333333333', '100m Free', '1:00.66', '8th',  'LCM - Broke 1:01'),
  ('aaaa0008-0008-0008-0008-000000000008', '33333333-3333-3333-3333-333333333333', '200m Free', '2:17.60', '13th', 'LCM - Consistent'),
  ('aaaa0008-0008-0008-0008-000000000008', '33333333-3333-3333-3333-333333333333', '400m Free', '4:52.11', '8th',  'LCM - 26-sec drop!'),
  ('aaaa0008-0008-0008-0008-000000000008', '33333333-3333-3333-3333-333333333333', '200m IM',   '2:35.82', '11th', 'LCM - Strong');

-- Spring Championships (Mar 2025)
INSERT INTO swim_results (meet_id, user_id, event_name, time, place, notes) VALUES
  ('aaaa0009-0009-0009-0009-000000000009', '33333333-3333-3333-3333-333333333333', '100 Free', '53.07',   '1st', 'WIN! First 100 Free victory!'),
  ('aaaa0009-0009-0009-0009-000000000009', '33333333-3333-3333-3333-333333333333', '100 Fly',  '1:00.95', '3rd', 'Bronze'),
  ('aaaa0009-0009-0009-0009-000000000009', '33333333-3333-3333-3333-333333333333', '500 Free', '5:18.87', '2nd', 'Silver');

-- Mid-Season Peak (Feb 2025)
INSERT INTO swim_results (meet_id, user_id, event_name, time, place, is_pb, notes) VALUES
  ('aaaa0010-0010-0010-0010-000000000010', '33333333-3333-3333-3333-333333333333', '200 Free', '1:56.50', NULL, TRUE, 'First sub-2:00!'),
  ('aaaa0010-0010-0010-0010-000000000010', '33333333-3333-3333-3333-333333333333', '200 Fly',  '2:16.16', NULL, FALSE, 'First 200 Fly');

-- Historic Day (Jan 2025) - 84 points!
INSERT INTO swim_results (meet_id, user_id, event_name, time, place, is_pb, notes) VALUES
  ('aaaa0011-0011-0011-0011-000000000011', '33333333-3333-3333-3333-333333333333', '100 Free',   '51.87',   NULL, TRUE, 'First sub-52! Historic 84 points.'),
  ('aaaa0011-0011-0011-0011-000000000011', '33333333-3333-3333-3333-333333333333', '100 Breast', '1:15.51', NULL, TRUE, 'Personal best');
